, ,
"""\""""
"""", ""上下移动列表中对象的烘焙优先级。","""\""""
"""",""Move the bake priority of object in the list up and down.\nWhen Name Matching is on"," moving Containers bake priority is possible"""
将场景中选定的网格对象添加到下面的列表中。,"Add selected mesh object(s) in the scene to the list below.\nWhen Name Matching is on, added object(s) will be automatically matched",
从下面的列表中移除活动对象：（n）当名称匹配打开时，移除 Container 将同时移除其下面的所有对象。,"Remove active object from the list below.\nWhen Name Matching is on, removing Container will remove all objects underneath it as well",
场景中找不到某些对象。按下刷新按钮将它们从列表中移除,Some objects cannot be found in the scene. Press the refresh button to remove them from the list,
从列表中删除所有对象（重置 BakeMaster）,Remove all objects from the list (resets BakeMaster),
为当前对象添加新的高聚物,Add new highpoly for the current object,
从当前对象中移除新的高聚物,Remove new highpoly from the current object,
为当前地图添加新的图案,Add new highpoly for the current map,
从当前地图中移除高保真,Remove highpoly from the current map,
为当前对象添加新的地图通道包,Add new Map Channel Pack for the current object,
通道包{}（ChannelPack,ChannelPack{},
为当前对象移除地图通道包,Remove Map Channel Pack for the current object,
移除所有地图通道包,Remove all Map Channel Packs,
添加新的纹理集（Texture Set）纹理集是一组对象，每张地图共享相同的图像纹理文件。,Add new Texture Set.\nTexture Set is a set of objects that share the same image texture file for each map,
纹理集,TextureSet{},
删除纹理集,Remove Texture Set,
移除所有纹理集,Remove all Texture Sets,
为当前纹理集添加新对象,Add new Object to the current Texture Set,
删除纹理集对象,Remove Texture Set Object,
移除所有纹理集对象,Remove all Texture Set Objects,
反向选择容器,Invert selection of Container,
',',
预览批次名称,Preview Batch Name,
预览配置的批次命名约定在输出图像文件名中的外观（在活动的选定地图上预览，每个关键字的值可能因每个烘焙地图而异）,"Preview how the configured batch naming convention will look in the output image filename.\n(Previewed on active selected map, values for each keyword may differ for each baked map)",
从列表中添加/移除地图通行证,Add/Remove map passes from the list,
全部选择,Select All,
选择所有项目,Select all Items,
反转,Invert,
反向选择项目,Invert selection of Items,
应用最后编辑的属性,Apply Lastly Edited Property,
选择要应用最后编辑属性值的地图或对象,Select maps or objects to apply value of lastly edited property for,
属性的值：,Proprety:,
对象没有地图,Object has no maps,
{} {},{} {},
取消选择所有对象,Deselect All,
取消选择所有选定对象,Deselect all chosen objects,
创建人工容器,Create Artificial Container,
将对象分组到一个烘焙工作容器中，在该容器中可以一次性设置所有对象的所有设置。,"Group objects into a Bake Job Container, where all settings can be set at once for all",
无法创建。启用名称匹配,Cannot create. Enable Name Matching,
选择要创建新容器的对象：,Choose Objects to create new Container with:,
匹配分辨率,Match Resolution,
将输出图像分辨率与对象内指定类型的图像纹理节点分辨率相匹配。,Match output image resolution with the specified type of Image Texture Node resolution within the Object,
不可用。对象无材质或为容器,Unavailable. Object has no materials or is Container,
未找到图像,No Images found,
选择分辨率：,Select Resolution:,
{}/{},{}/{},
快速应用,Quick Apply,
为所有贴图设置默认文件格式和位深度（在上述规则中进行了配置,"Set default file format and bit depth, which are configured in rules above, for all maps",
烘焙大师信息,BakeMaster Message,
类型,Type,
报告信息类型,Type of the Report Message,
报告信息,Message,
报告信息文本,Text of the Report Message,
BakeMaster 帮助来源,BakeMaster Help Source,
BakeMaster 烤箱操作员,BakeMaster Bake Operator,
%s%s,%s%s,
%s_BM_Custom_Material,%s_BM_Custom_Material,
BakeMaster Displacement Multires,BakeMaster Displacement Multires,
BakeMaster 位移收缩包装,BakeMaster Displacement Shrinkwrap,
bm_pbr_value_node_value,BM_PBR_VALUE_NODE_VALUE,
bm_pbr_value_node_value.001,BM_PBR_VALUE_NODE_VALUE.001,
预置名称,Name,
预置名称，用于创建路径名称,"Name of the preset, used to make the path name",
新预置,New Preset,
通道包%d,ChannelPack%d,
预置,Presets,
全对象预置,Full Object Preset,
添加或删除全对象预置,Add or Remove Full Object Preset,
对象预置,Object Preset,
添加或删除贴花、高分辨率到低分辨率、UV 与图层、阴影预设,"Add or Remove Decal, High to Lowpoly, UVs & Layers, Shading Preset",
装饰预设,Decal Preset,
添加或删除装饰预设,Add or Remove Decal Preset,
高转低预设,High to Lowpoly Preset,
添加或删除高至低聚预设,Add or Remove High to Lowpoly Preset,
UV 和图层预设,UVs & Layers Preset,
添加或删除 UV 和图层预设,Add or Remove UVs & Layers Preset,
阴影预设,Shading Preset,
添加或删除阴影预设,Add or Remove Shading Preset,
格式预设,Format Preset,
添加或删除格式预设,Add or Remove Format Preset,
全贴图预设,Full Maps Preset,
添加或删除完整地图预设,Add or Remove Full Maps Preset,
地图预设,Map Preset,
添加或删除地图预置,Add or Remove Map Preset,
通道包预设,Channel Pack Preset,
添加或删除通道包预置,Add or Remove Channel Pack Preset,
烘焙输出预设,Bake Output Preset,
添加或删除烘焙输出预设,Add or Remove Bake Output Preset,
色彩管理预设,Color Management Preset,
添加或删除色彩管理预设,Add or Remove Color Management Preset,
INVOKE_DEFAULT,INVOKE_DEFAULT,
烘焙预设,Bake Preset,
执行 BakeMaster 预设值,Execute BakeMaster preset,
加载烘焙大师预设值,Load BakeMaster Preset,
菜单 ID 名称,Menu ID Name,
调用该菜单的 ID 名称,ID name of the menu this was called from,
菜单标签,Menu Label,
调用菜单的 bl_label,bl_label of the menu this was called from,
%s:,%s:,
选择要加载预置的对象：,Choose Objects to load preset for:,
对象名称,Object name,
应用,Apply,
应用此对象的属性,Apply property for this object,
地图名称,Map name,
为此地图应用属性,Apply property for this map,
包含为低聚物,Inlcude as Lowpoly,
将此对象作为普通或低保真对象包含在新的人工容器中,Include this object as a regular or Lowpoly Object in new Artificial Container,
包含为高聚物,Include as Highpoly,
将此对象作为高聚物对象包含在新的人造容器中,Include this object as a Highpoly Object in new Artificial Container,
包含为笼子,Include as Cage,
图像纹理名称,Image Texture name,
插入,Plugged into,
分辨率,Resolution,
容器,Container,
包含在纹理集中,Include in Texture Set,
包含容器,Include Container,
选择对象,Choose Object,
从 BakeMaster 对象表中选择要包含在当前纹理集中的对象。,Object from BakeMaster Table of Objects to inlcude in the current Texture Set.\nIf Container,
纹理集是一组对象，每个贴图共享相同的图像纹理文件。,Texture Set Name.\nTexture Set is a set of objects that share the same image texture file for each map,
UV 重新打包,UV Repack,
警告：如果对象的材质依赖于 UV 布局，启用此选项可能会改变这些材质的效果。,"Enable UV Repacking for Texture Set Objects.\nWarning: if Objects have materials that depend on UV Layout, enabling this option might change the result of these materials",
旋转,Rotate,
旋转岛屿以获得最佳贴合效果,Rotate islands for best fit,
边缘,Margin,
打包岛屿之间的空间,Space between packed islands,
平均岛屿大小,Average Islands Scale,
根据 UV 岛在三维空间中的面积，平均各岛的大小。建议事先应用对象比例,"Average the size of separate UV islands, based on their area in 3D space. It is recommended to apply object(s) scale beforehand",
命名,Naming,
选择输出图像纹理的命名格式,Choose output Image texture naming format,
对象,Object,
要烘焙贴图的网格对象,Mesh Object to bake maps for,
切换名称匹配,Toggle Name Matching,
如果打开，High、Lowpoly 和 Cage 物件将根据匹配的名称分组。如果可能，Highpoly 物件和 Cage 等属性将自动设置，贴图和其他设置可由顶层父容器配置,"If on, High, Lowpoly, and Cage objects will be grouped by their matched names.\nProperties like Highpoly object and Cage will be set automatically if possible, maps and other settings can be configured by the top-parent container",
色彩空间,Color Space,
烘焙纹理的色彩空间。烘焙成功,Baked textures Color Space. Bake won,
颜色,Color,
包含色彩数据（如漫反射、反照率、基色、ColorIDs 贴图等）的烘焙色彩纹理的色彩空间。,"Color Space of baked color textures containing color data (e.g. Diffuse, Albedo, Base Color, ColorIDs maps etc.)",
文件格式,File Format,
彩色纹理的默认图像文件格式,Default image file format for color textures,
颜色深度,Color Depth,
彩色纹理的默认图像色深,Default image color depth for color textures,
数据,Data,
包含非彩色数据（如法线、金属度、粗糙度、位移、AO 贴图等）的烘焙数据纹理的色彩空间,"Color Space of baked data textures containing non-color data (e.g. Normal, Metalness, Roughness, Displacement, AO maps etc.)",
数据纹理的默认图像文件格式,Default image file format for data textures,
数据纹理的默认图像颜色深度,Default image color depth for data textures,
线性,Linear,
包含线性色彩数据的烘焙数据纹理的色彩空间。如果勾选了下面的线性 EXR，则用于 EXR 文件格式,Color Space of baked data textures containing linear color data. Used for EXR file formats if Linear EXR is ticked below,
线性纹理的默认图像文件格式,Default image file format for linear textures,
线性纹理的默认图像色彩深度,Default image color depth for linear textures,
线性 EXR,Linear EXR,
以线性色彩空间保存 OpenEXR 图像,Save OpenEXR images in a Linear color space,
线性 sRGB,Linear sRGB,
以线性化 sRGB 色彩空间（不含伽玛校正的 sRGB）保存线性纹理。为此，请为上述色彩、数据或线性纹理设置默认的线性色彩空间。,"Save linear textures in linearized sRGB color space (sRGB without gamma correction). For this to work, set default linear color space for either Color, Data, or Linear texture above",
应用场景,Apply Scene,
将属性选项卡中配置的场景渲染色彩管理设置应用于所有烘焙纹理。对于 PNG 等显示图像格式，应用视图和显示转换。对于 OpenEXR 等中间图像格式，使用默认的渲染输出色彩空间,"Apply scene render color management settings configured in the properties tab to all baked textures. For display image formats like PNG, apply view and display transform. For intermediate image formats like OpenEXR, use the default render output color space",
合成器,Compositor,
对所有烘焙纹理应用合成器色彩管理,Apply Compositor color management to all baked textures,
贴图,Map,
影响对象,Affect Objects,
对所选对象的所有贴图应用属性,Apply property to all maps of chosen objects,
分离对象,Detached Object,
分辨率、图像名称、插入,"Resolution, Image name, Plugged into",
展开/折叠贴花设置面板,Expand/Collapse Decal Settings panel,
展开/折叠高到低多边形设置面板,Expand/Collapse High to Lowpoly Settings panel,
展开/折叠 UV 设置面板,Expand/Collapse UV Settings panel,
展开/折叠阴影设置面板,Expand/Collapse Shading Settings panel,
展开/折叠格式设置面板,Expand/Collapse Format Settings panel,
展开/折叠通道打包面板,Expand/Collapse Channel Packing panel,
展开/折叠烘焙输出设置面板,Expand/Collapse Bake Output Settings panel,
展开/折叠色彩管理设置面板,Expand/Collapse Color Management Settings panel,
展开/折叠批次命名面板,Expand/Collapse Batch Naming panel,
保存日志,Save Log,
将每个贴图的烘焙时间记录和所有烘焙对象的所有烘焙贴图的简短摘要保存到 .txt 文件中,Save log of time used to bake each map and a short summary of all baked maps for all baked objects into a .txt file,
覆盖,Overwrite,
如果输出目录和此 .blend 文件中先前烘焙过的文件名与将要烘焙的文件名一致，则覆盖这些文件,Overwrite previously baked files in the output directories and this .blend file if their file names match the ones that will be baked,
重置烘焙大师,Reset BakeMaster,
烘焙后从 BakeMaster 对象表中删除烘焙对象,Remove baked objects from BakeMaster Table of Objects after the bake,
烘焙操作指令,Bake Operator Instruction,
纹理集纹理集是一组对象，每个贴图共享相同的图像纹理文件,Texture Set.\nTexture Set is a set of objects that share the same image texture file for each map,
低保真标签,Lowpoly Tag,
在对象名称中搜索什么关键字来确定它是否为,What keyword to search for in Object name to determine if it,
高聚标签,Highpoly Tag,
笼子标签,Cage Tag,
贴花标签,Decal Tag,
UVMap 标签,UVMap Tag,
应包含什么 UVMap 名称才能让 BakeMaster 将其视为用于烘焙的 UVMap,What UVMap name should include for BakeMaster to see it as UVMap for bake,
隐藏未烘焙对象,Hide not baked,
隐藏场景中所有未进行烘焙的物体，使其不会对烘焙产生影响,"Hide all Objects in the scene that are not proceeded in the bake, so that they do not affect it",
贴图匹配类型,Maps Match type,
如何确定哪些贴图应烘焙到相同的图像文件上,How to determine what maps should be baked onto the same image files,
高保真,Highpoly,
从列表中为对象选择高保真（高保真应添加到 BakeMaster 对象表中）,Choose Highpoly for the Object from the list\n(Highpoly should be added to BakeMaster Table of Objects),
在烘焙中包含/排除贴图,Include/exclude map in the bake,
选择贴图类型,Choose Map Type,
为当前通道设置贴图类型,Set map type for the current pass,
受高保真到低保真设置的影响,Affect by High to Lowpoly Settings,
"使用 ""高至低聚 ""设置来烘焙此贴图。如果选中，将从高保真到低保真进行烘焙，否则只烘焙低保真","Use High to Lowpoly Settigns for baking this map. If checked, bake will be performed from highpoly to lowpoly, otherwise just bake lowpoly",
高保真对象,Highpoly Object,
使用笼状物体,Use Cage Object,
从笼子向物体投射光线,Cast rays to Object from cage,
笼型,Cage type,
要使用的笼型属性类型,Type of Cage properties to use,
笼子挤压,Cage Extrusion,
按指定距离膨胀以创建笼子,Inflate by the specified distance to create cage,
最大光线距离,Max Ray Distance,
高多边形和低多边形之间匹配点的最大射线距离。如果为零，则没有限制,"The maximum ray distance for matching points between the high and lowpoly. If zero, there is no limit",
笼子对象,Cage Object,
用作保持架的对象，而不是使用保持架挤出计算,Object to use as cage instead of calculating with cage extrusion,
烘焙数据,Bake Data,
选择用于烘焙的数据类型,Choose data type to use for baking,
烘焙目标,Bake Target,
选择烘焙贴图输出目标,Choose Baked Maps output target,
用于烘焙的 UVMap,UVMap for bake,
选择要在烘焙中使用的 UVMap 图层。如果网格没有 UV 图层，但至少有一个贴图要烘焙到图像纹理上，则会进行自动 UV 展开,"Choose a UVMap layer to use in the bake.\nIf mesh has got no UV layers and at least one map to be baked to image texture, auto UV unwrap will be proceeded",
UV 贴图类型,UV Map Type,
设置所选的活动 UV 贴图类型,Set the chosen Active UV Map type,
将 UV 套入像素,Snap UV to pixels,
将 UV 坐标与像素对齐，使所选 UV 图层像素完美,Make chosen UV Layer pixel perfect by aligning UV Coordinates to pixels,
自动展开,Auto Unwrap,
使用智能项目自动 UV 展开对象,Auto UV Unwrap object using smart project,
角度限制,Angle Limit,
在网格上放置接缝以进行解包的角度,The angle at which to place seam on the mesh for unwrapping,
UV 岛边缘,Island Margin,
设置相邻 UV 岛之间的距离,Set distance between adjacent UV islands,
缩放至边界,Scale to Bounds,
将 UV 坐标缩放至边界，以填充整个 UV 贴图区域,Scale UV coordinates to bounds to fill the whole UV tile area,
去噪,Denoise,
作为后期处理滤镜，对烘焙后的贴图进行去噪和去斑处理。仅适用于外部烘焙,Denoise and Discpeckle baked maps as a post-process filter. For external bake only,
输出图像文件的文件格式,File format of output image files,
塔加原始格式,Targa Raw,
以未经压缩的 TGA 格式输出图像，文件大小较大。否则会进行无损压缩,"Output image in uncompressed TGA format, larger file size. Otherwise, lossless compression is performed",
对数,Log,
转换为对数色彩空间,Convert to logarithmic color space,
压缩,Compression,
TIFF 的压缩模式,Compression mode for TIFF,
PSD 包括,PSD includes,
在一个 PSD 文件中放入哪些地图,What maps to put into one PSD file,
编解码器,Codec,
为 OpenEXR 文件格式设置编解码器。在无损压缩和有损压缩之间进行选择,Codec settigns for OpenEXR file format. Choose between lossless and lossy compression,
0 - 不进行压缩，原始文件大小。100 - 完全压缩，需要更多时间，但会减小输出文件大小,"0 - no compression performed, raw file size. 100 - full compression, takes more time, but descreases output file size",
质量,Quality,
与压缩类似，但用于基于 JPEG 的文件格式。质量是一个百分比，0% 表示最大压缩量，100% 表示不压缩,"Similar to Compression but is used for JPEG based file formats. The quality is a percentage, 0% being the maximum amount of compression and 100% is no compression",
地图纹理分辨率,Map Texture Resolution,
以像素为单位选择常用的贴图分辨率或设置自定义分辨率,Choose map resolution in pixels from the common ones or set custom,
高度分辨率,Height,
自定义高度分辨率,Custom height resolution,
宽度,Width,
纹理密度,Texel Density,
每 1 单位（1 米）物体的图像像素数,How many pixels should be in image per 1 unit (1m) of object,
与通用分辨率匹配,Match to Common,
重新计算所选的 Texel 密度，以便将图像分辨率设置为地图分辨率列表中最接近的通用分辨率（如果选中，例如，当根据 Texel 密度计算的图像分辨率为 1891px 时，它将变为 2048px（通用 2K）。如果未选中，则仍为 1891px）。,"Recalculate chosen Texel Density so that the image resolution is set to closest common resolution in Map Resolution List.\n(If checked then, for example, when image res by Texel Density is 1891px, it will be changed to 2048px (common 2K). If unchecked, then wil remain 1891px)",
填充。作为一个后处理过滤器，按指定像素数扩展烘焙结果。,Padding. Extend bake result by specified number of pixels as a post-process filter.\nImproves baking quality by reducing hard edges visibility,
边距类型,Margin Type,
边距算法,Algorithm for margin,
烘焙图像位深。较低 - 存储的数据较少，文件较小。较高--存储的数据较多，文件较大,"Baked image bit depth. Lower - less data stored, smaller file size. Higher - more data stored, larger file size",
阿尔法,Alpha,
用 Alpha 颜色通道创建图像纹理,Create image texture with Alpha color channel,
透明背景,Transparent BG,
用透明背景而不是纯黑色创建图像纹理,Create image texture with transparent background instead of solid black,
UDIM 开始瓦片索引,UDIM Start Tile Index,
UDIM 瓷砖烘焙范围的 UDIM 瓷砖索引。UDIM 烘焙范围用于定义 UDIM 瓷砖烘焙边界。烘烤结果只会影响指定范围的瓦片（起始瓦片索引 - 终止瓦片索引）,UDIM tile index of UDIM tiles baking range.\nUDIMs baking range is used for defining UDIM tiles baking boundaries. Bake result will only affect specified range of tiles (Start Tile Index - End Tile Index),
UDIM 结束瓦片索引,UDIM End Tile Index,
超级采样 AA,SuperSampling AA,
SSAA。通过在较高分辨率下进行烘焙，然后降频到较低分辨率来提高图像质量。有助于消除步进、锯齿和色彩区域边缘附近的巨大色差。,"SSAA. Improve image quality by baking at a higher resolution and then downscaling to a lower resolution. Helps removing stepping, jagging, and dramatic color difference near color area edges",
升频,Upscaling,
放大系数。以较低分辨率进行烘焙，然后按所选系数提升图像分辨率。这样可以缩短烘焙时间，获得更高分辨率，但要注意可能会出现模糊现象,"Upscaling factor. Bake at a lower resolution and upscale image resolution by the chosen factor after. Results in decreased baked time to get a higher resolution, but be aware that blurring might appear",
烘焙样本,Bake Samples,
每个像素要渲染的样本数,Number of samples to render per each pixel,
自适应采样,Adaptive Sampling,
根据估计的噪点水平自动减少每个像素的采样数量,Automatically reduce the number of samples per pixel based on estimated noise level,
噪音阈值,Noise Threshold,
停止采样的噪声水平阈值，数值越低，噪声越小，但渲染时间越长。,"Noise level step to stop sampling at, lower values reduce noise at the cost of render time.\nZero for automatic setting based on number of AA sampled",
最小采样烘焙,Bake Min Samples,
在应用自适应采样之前，像素接收的最小采样数目。当设置为 0（默认值）时，它会自动设置为由噪点阈值决定的值。,"The minimum number of samples a pixel receives before adaptive sampling is applied. When set to 0 (default), it is automatically set to a value determined by the Noise Threshold",
前缀,Prefix,
要写入输出文件或图层名称的贴图前缀（如果批次名称中添加了 $mapname 关键字）,Map Prefix to write in output file or layer name (if $mapname keyword is added to the Batch Name),
预览,Preview,
通过,Pass,
选择 BSDF 节点通道以烘焙图像纹理,Choose BSDF node pass to bake to image texture,
通过类型,Pass Type,
要烘焙的贴图传递类型,Decal Map pass type to bake,
反转贴图颜色,Invert colors of the map,
预设,Preset,
针对不同软件的贴图法线通道预设，以便在该软件中使用时获得正确的效果,Decal Map Normal Pass preset for different software for correct result when used in that software,
自定义格式,Custom Format,
装饰贴图正常通过格式（绿色通道反转）,Decal Map Normal Pass format (Green channel is inverted),
法线空间,Normal Space,
在 %s 通道中烘焙的轴,Axis to bake in %s channel,
图层,Layer,
顶点颜色图层,Vertex Color Layer to bake,
直接,Direct,
添加直接光照,Add direct lighting contribution,
间接,Indirect,
添加间接光照,Add indirect lighting contribution,
为通道着色,Color the pass,
漫反射,Diffuse,
添加 %s 效果,Add %s contribution,
光泽,Glossy,
透射,Transmission,
环境遮蔽,Ambient Occlusion,
发射,Emit,
法线贴图数据,Data for Normal map,
基本细分级别,Base Level,
基础细分级别定义了用于计算法线贴图细节的基础低多边形细分级别。建议为 0,The base subdivision level defines the base lowpoly multires subdivision level to calculate normal map details against. 0 is recommended,
选择法线空间进行烘焙,Choose normal space for baking,
为不同软件预设法线贴图，以便在该软件中使用时获得正确的效果,Normal Map preset for different software for correct result when used in that software,
法线贴图格式（绿色通道反转）,Normal Map format (Green channel is inverted),
位移贴图数据,Data for Displacement map,
结果,Result to,
如何应用烘焙的位移贴图,How to apply baked displacement map,
细分级别,Subdivision Level,
细分级别定义了将低聚物细分多少次以捕捉位移细节。建议将细分后的低保真面数（忽略修改器）保持在接近高保真面数的水平上（表中显示的是第一个）。,"The subdivision level defines how many times to subdivide the Lowpoly to capture displacement details.\nThe lower - the faster, less captured details. The higher - the slower, more captured details.\nIt is recommended to keep the subdivided lowpoly face count (modifiers ignored) close to the highpoly face count (the first from the table is shown)",
基础细分级别定义了用于计算位移细节的基础低聚多面体细分级别。建议使用 0,The base subdivision level defines the base lowpoly multires subdivision level to calculate displacement details against. 0 is recommended,
低分辨率网格,Low Resolution Mesh,
根据未细分的低分辨率网格计算高度。否则，高分辨率细节会分散到低分辨率网格上,"Calculate heights against unsubdivided low resolution mesh. Otherwise, high resolution details are scattered onto low resolution mesh",
包含负值,Include Negative,
重新映射颜色值，使位移包含负值,Remap color values to include negative values for displacement,
细分级别,Subdivision Levels,
细分级别定义了细节的级别。,"The subdivision level defines the level of details.\nThe lower - the faster, but less details",
默认设置,Default,
使用默认设置绘制纹理贴图,Bake texture map using default settings,
采样,Samples,
跟踪样本数。影响质量。,Tracing samples count. Affects the quality.\nKeep as low as possible for optimal performance,
距离,Distance,
认为其他物体遮挡着色点的距离,Distance up to which other objects are considered to occlude the shading point,
黑色,Blacks,
阴影点在地图颜色梯度光谱上的位置,Shadow point location on the map color gradient spectrum,
白色,Whites,
高光点在地图颜色梯度光谱上的位置,Highlight point location on the map color gradient spectrum,
亮度,Brightness,
对比度,Contrast,
不透明度,Opacity,
仅局部,Only Local,
只检测物体本身的遮挡，不检测其他物体的遮挡,"Only detect occlusion from the object itself, and not others",
功率,Power,
空腔贴图功率值,Cavity map power value,
半径,Radius,
灰度,Greys,
地图颜色梯度光谱中灰色点的位置,Middle grey point location on the map color gradient spectrum,
伽玛,Gamma,
用于检测色组的数据类型,Data type for detecting color groups,
名称包含,Name Contains,
仅使用名称包含此内容的顶点组。留空表示使用所有顶点组,Use only those vertex groups which name contains this. Leave empty to use all vertex groups,
算法,Algorithm,
绘制颜色组的算法,Algorithm by which the color groups will be painted,
筛选器,Jilter,
洗牌颜色顺序。留空表示不洗色,Shuffle the order of colors. Leave 0 for no shuffle,
用于检测遮罩黑白部分的数据类型,Data type for detecting mask black and white parts,
仅使用名称中包含此值的顶点组。留空表示使用所有顶点组,Use only those vertex groups which names contain this. Leave empty to use all vertex groups,
仅使用名称中包含此项的对象材质。留空表示使用所有材质,Use only those object materials which names contain this. Leave empty to use all materials,
颜色 1,Color1,
使用什么颜色作为遮罩的颜色 1,What color to use as Color1 for masking,
颜色 2,Color2,
屏蔽时用作颜色 2 的颜色,What color to use as Color2 for masking,
X,X,
启用/禁用 X 坐标屏蔽过滤器,Enable/disable X coordinate mask filter,
Y,Y,
启用/禁用 Y 坐标屏蔽过滤器,Enable/disable Y coordinate mask filter,
Z,Z,
启用/禁用 Z 坐标掩码滤波器,Enable/disable Z coordinate mask filter,
覆盖率,Coverage,
饱和度,Saturation,
颜色混合样式,Style of color blending,
X 位置,X Location,
本地轴 X 的渐变位置,Gradient location by the local axis X,
Y 位置,Y Location,
通过本地轴 Y 确定渐变位置,Gradient location by the local axis Y,
Z 位置,Z Location,
通过本地轴 Z 进行梯度定位,Gradient location by the local axis Z,
X 旋转,X Rotation,
通过本地轴 X 旋转梯度,Gradient rotation by the local axis X,
Y 旋转,Y Rotation,
通过本地轴 Y 进行梯度旋转,Gradient rotation by the local axis Y,
Z 旋转,Z Rotation,
按本地轴 Z 进行梯度旋转,Gradient rotation by the local axis Z,
X 缩放,X Scale,
平滑度 按本地轴 X,Smoothness. Gradient scale by the local axis X,
Y 缩放,Y Scale,
平滑度。按本地轴 Y 的渐变比例,Smoothness. Gradient scale by the local axis Y,
Z 比例,Z Scale,
平滑度。按本地轴 Z 排序的渐变比例,Smoothness. Gradient scale by the local axis Z,
覆盖范围,Range of coverage,
边缘对比度,Edge Contrast,
主体对比度,Body Contrast,
厚度,Thickness,
UV 边缘厚度,Thickness of uv edge,
包装名称,Pack Name,
输入通道包装名称,Enter a Channel Pack name,
包装类型,Pack Type,
描述打包格式的打包操作类型,Type of packing operation describing its packing format,
使用红色通道,Use Red Channel,
通道地图,Channel Map,
在添加到映射表中的红色通道映射中选择一个映射,Choose a map for the Red channel among added to the table of maps,
使用绿色通道,Use Green Channel,
为添加到地图表中的绿色通道选择地图,Choose a map for the Green channel among added to the table of maps,
使用蓝色通道,Use Blue Channel,
为添加到地图表中的蓝色通道选择地图,Choose a map for the Blue channel among added to the table of maps,
使用 RGB 通道,Use RGB Channels,
为添加到地图表格中的 RGB 通道选择地图,Choose a map for the RGB channels among added to the table of maps,
使用阿尔法通道,Use Alpha Channel,
为添加到贴图表中的 Alpha 通道选择贴图,Choose a map for the Alpha channel among added to the table of maps,
包含/排除烘焙对象,Include/Exclude the object for bake,
是否为全局容器,Is Global Container,
如果选中，则所有容器,"If checked, all Container",
装饰对象,Decal Object,
将当前对象设置为装饰对象,Set the current Object to be Decal Object,
使用自定义相机,Use Custom Camera,
使用自定义摄像机对象捕捉和烘焙装饰贴图,Use Custom Camera Object for capturing and baking decal maps,
摄像机,Camera,
选择相机对象,Choose Camera Object,
上坐标,Upper Coordinate,
选择指定贴花位置的坐标,Choose coordinate specifying where the decal,
边界偏移,Boundary Offset,
贴花对象之间的距离,Distance to use between decal object,
每张地图唯一,Unique per map,
"为每张地图设置独一无二的 ""高 ""至 ""低 ""设置",Set unqiue High to Lowpoly Settings for each map,
贴花,Decal,
将当前高保真标记为低保真的装饰对象,Mark the current Highpoly as a Decal Object for the Lowpoly,
分离贴花,Separate Decals,
如果选中此选项，所有指定的贴花将被烘焙到对象的单独纹理集中，否则贴花贴图将被烘焙到对象中。,"If checked, all specified decals will be baked to a separate texture set for the Object,\notherwise, decals map passes will be baked to Object",
贴花 TexSet 前缀,Decals TexSet prefix,
在贴花纹理集图像名称末尾添加的前缀,What prefix to add in the end of image name for decals texture set,
为每个贴图设置不同的 UV 设置,Set unqiue UV Settings for each map,
使用智能项目自动 UV 展开对象。警告：如果对象有依赖于 UV 布局的材质，启用此选项可能会改变这些材质的效果。,"Auto UV Unwrap object using smart project. If UV Type is UDIMs, enabling Auto Unwrap will ignore it.\nWarning: if Object has materials that depend on UV Layout, enabling this option might change the result of these materials",
为每个贴图设置不同的输出设置,Set unqiue Output Settings for each map,
低聚网格三角化,Triangulate Lowpoly,
对低多边形网格的 n 个多边形进行三角化处理。虽然耗时，但能改善低聚网格的着色效果，并减少多余的 UV 拉伸,Triangulate Lowpoly mesh n-gons. Takes time but improves shading of Lowpoly mesh with redundant uv stretches,
重新计算低多边形外部法线,Recalculate Lowpoly Normals Outside,
重新计算低多边形顶点和面外法线,Recalculate Lowpoly Vertex and Face Normals Outside,
平滑低聚物,Smooth Lowpoly,
使用平滑着色的 Lowpoly 进行烘焙。如果您,Use smooth-shaded Lowpoly for baking. Can be kept unchecked if you,
低聚平滑组,Lowpoly Smoothing groups,
选择低聚平滑着色组类型以应用,Choose Lowpoly smooth shading groups type to apply,
角度,Angle,
将被视为平滑的面法线之间的最大角度（如果有自定义分割法线，则未使用,Maximum angle between face normals that will be considered as smooth\n(unused if custom split normals are available,
仅对名称包含此值的顶点组应用平滑着色。留空则应用于所有顶点组,Apply smooth shading only to vertex groups which names contain this value. Leave empty to apply to all vertex groups,
重新计算外部高聚法线,Recalculate Highpoly Normals Outside,
重新计算高聚顶点和面外法线,Recalculate Highpoly Vertex and Face Normals Outside,
平滑高聚物,Smooth Highpoly,
使用平滑阴影高聚物进行烘焙。如果您,Use smooth-shaded Highpoly for baking. Can be kept unchecked if you,
高聚平滑组,Highpoly Smoothing groups,
选择要应用的高聚平滑着色组类型,Choose Highpoly smooth shading groups type to apply,
仅对名称包含此值的顶点组应用平滑着色,Apply smooth shading only to vertex groups which names contain this value,
配置要烘焙的贴图,Configure maps to bake,
通道包,Channel Pack,
内部,Internal,
将烘焙贴图打包到当前 Blender 文件中,Pack baked maps into the current Blender file,
输出路径,Output Path,
将烘焙好的贴图保存到磁盘上的目录路径,Directory path on your disk to save baked maps to,
创建子文件夹,Create Subfolder,
"在 ""输出路径 ""目录下创建子文件夹，并在其中保存烘焙贴图",Create subfolder in the Output Path directory and save baked maps there,
子文件夹名称,Subfolder Name,
如何命名子文件夹,How to name the subfolder,
批命名关键字,Batch Naming Keyword,
使用自定义批次名称,Use Custom Batch Name,
批名称,Batch Name,
使用大写字母,Use Caps,
批次名称使用大写字母,Use capital letters for batch name,
输出文件批次名称预览（每张地图可能会更改）,Output file batch name preview (might change for each map),
创建材质,Create Material,
在包含所有烘焙贴图的烘焙后为对象指定新材质,Assign a new material to the object after bake with all baked maps included,
指定修改器,Assign Modifiers,
"如果 ""位移 ""或 ""矢量位移 ""等对象贴图有 ""结果到修改器""，选中此选项后将分配修改器。如果未选中，烘焙贴图将只保存为图像纹理","If Object maps like Displacement or Vector Displacement have Result to Modifiers, modifiers will be assigned if this is checked. If unchecked, baked maps will be just saved to image textures",
烘焙设备,Bake Device,
用于烘焙的设备,Device to use for baking,
烘焙视图来源,Bake View From,
反射光线方向的来源,Source of reflection ray directions,
不活动时隐藏,Hide when Inactive,
如果选中，则对象,"If checked, Object",
VG 索引,VG Index,
错误。未找到对象,ERROR. Object not found,
%s ,%s ,
%s,%s,
烘焙大师,BakeMaster,
添加,Add,
删除,Remove,
无可用设置,No settings available,
高至低聚,High to Lowpoly,
使用笼状物体（自动）,Use Cage Object (automatic),
挤出,Extrusion,
UV 和图层,UVs and Layers,
着色,Shading,
重新计算 %s 外部法线,Recalculate %s Normals Outside,
平滑 %s,Smooth %s,
格式,Format,
地图格式,Map Format,
起始平铺,Start Tile,
结束瓦片,End Tile,
最大烘烤样本,Bake Max Samples,
高保利效果,Affect by Highpoly,
旋转 R,Swizzle R,
G,G,
B,B,
空间,Space,
低保真面数：  ,Lowpoly face count:  ,
高保真面数  ,Highpoly face count:  ,
将高分辨率映射到低分辨率,Map High to Lowpoly,
使用笼状物体（自动）,Use Cage Object (auto),
映射 UV 和图层,Map UVs and Layers,
色彩管理,Color Management,
不支持场景色彩空间。,Unsupported scene color space.,
将使用默认值。,Default will be used.,
默认规则：,Default Rules:,
颜色纹理,Color Texture,
数据纹理,Data Texture,
线性纹理,Linear Texture,
通道打包,Channel Packing,
烘焙输出,Bake Output,
纹理设置对象/容器,Texture Set Objects/Containers,
烘焙此对象,Bake This,
全部烘焙,Bake All,
应用最后编辑的设置,Apply Lastly Edited Setting,
创建烘焙任务组,Create Bake Job Group,
文档：,Documentaion:,
BM_%s,BM_%s,
地图： 在烘焙中使用,Map: Use in bake,
地图： 地图类型,Map: Map type,
地图 高保真影响,Map: Affect by Highpoly,
将高保真贴图转换为低保真贴图：保持架类型,Map High to Lowpoly: Cage type,
地图高位至低位：笼状挤出,Map High to Lowpoly: Cage extrusion,
贴图高分辨率到低分辨率：最大光线距离,Map High to Lowpoly: Max ray distance,
贴图 UV 和图层： 烘焙数据,Map UVs & Layers: Bake Data,
贴图 UV 和图层 烘焙目标,Map UVs & Layers: Bake Target,
贴图 UV 与图层 UV 类型,Map UVs & Layers: UV type,
贴图 UV 和图层 将 UV 岛对齐到像素,Map UVs & Layers: Snap UV islands to pixels,
地图格式： 去噪,Map Format: Denoise,
地图格式：文件格式 文件格式,Map Format: File Format,
地图格式 塔加原始格式,Map Format: Targa Raw,
地图格式 DPX 日志,Map Format: DPX Log,
地图格式： TIFF 压缩 TIFF 压缩,Map Format: TIFF Compression,
映射表格式 Exr 编解码器,Map Format: Exr codec,
地图格式：压缩 压缩,Map Format: Compression,
地图格式： 压缩 质量,Map Format: Quality,
地图格式：分辨率 分辨率,Map Format: Resolution,
地图格式：分辨率 自定义高度,Map Format: Custom Height,
地图格式：自定义宽度 自定义宽度,Map Format: Custom Width,
地图格式： 边距,Map Format: Margin,
地图格式： 边距类型,Map Format: Margin type,
地图格式： 位深度,Map Format: Bit Depth,
贴图格式： 阿尔法,Map Format: Alpha,
贴图格式：透明 透明背景色,Map Format: Transparent bg,
贴图格式： UDIM 起始平铺,Map Format: UDIM start tile,
地图格式： UDIM 结束磁贴,Map Format: UDIM end tile,
贴图格式： 超级采样 AA,Map Format: SuperSampling AA,
地图格式： 放大,Map Format: Upscaling,
地图格式： 烘烤采样,Map Format: Bake Samples,
地图格式：自适应采样 自适应采样,Map Format: Adaptive Sampling,
地图格式：自适应阈值 自适应阈值,Map Format: Adaptive Threshold,
地图格式： 最小烘烤采样,Map Format: Min Bake Samples,
地图 反照率前缀,Map: AlbedoM prefix,
地图 金属度前缀,Map: Metalness prefix,
地图：金属度前缀 粗糙度前缀,Map: Roughness prefix,
地图 反照率前缀,Map: AlbedoS prefix,
地图 镜面前缀,Map: Specular prefix,
地图 光泽度前缀,Map: Glossiness prefix,
地图 不透明度前缀,Map: Opacity prefix,
地图 发射前缀,Map: Emission prefix,
地图 BSDF 通过前缀,Map: BSDF Pass prefix,
地图 BSDF 通过类型,Map: BSDF Pass type,
地图 贴花通行证前缀,Map: Decal Pass prefix,
地图 贴花通行证类型,Map: Decal Pass type,
地图 标记传递反转,Map: Decal Pass invert,
地图 贴花通过预设,Map: Decal Pass preset,
地图 自定义预置,Map: Decal Pass custom preset,
地图 装饰通行证旋转 R,Map: Decal Pass Swizzle R,
地图 装饰通行证 G,Map: Decal Pass G,
地图 装饰通行证 B,Map: Decal Pass B,
地图：顶点颜色 顶点颜色层前缀,Map: VertexColor Layer prefix,
地图：顶点颜色层前缀 循环组合前缀,Map: Cycles Combined prefix,
地图 循环 AO 前缀,Map: Cycles AO prefix,
地图 循环阴影前缀 ,Map: Cycles Shadown prefix ,
地图 循环位置前缀 ,Map: Cycles Position prefix ,
地图 循环 法线前缀,Map: Cycles Normal prefix,
地图 循环 UV 前缀,Map: Cycles UV prefix,
地图 循环粗糙度前缀,Map: Cycles Roughness prefix,
地图 循环发射前缀,Map: Cycles Emit prefix,
地图 循环 环境前缀,Map: Cycles Environment prefix,
地图 循环 漫射前缀,Map: Cycles Diffuse prefix,
地图 循环光泽前缀,Map: Cycles Glossy prefix,
地图 循环传输前缀,Map: Cycles Transmission prefix,
地图 循环直接使用,Map: Cycles use direct,
地图 循环使用间接,Map: Cycles use indirect,
地图 循环使用颜色传递,Map: Cycles use color pass,
地图 循环使用漫反射,Map: Cycles use diffuse pass,
地图 循环使用光泽传递,Map: Cycles use glossy pass,
地图 循环使用透射效果,Map: Cycles use transmission pass,
地图 循环使用鳌纹通行证,Map: Cycles use ao pass,
地图 循环使用发射通行证,Map: Cycles use emit pass,
地图 法线前缀,Map: Normal prefix,
地图：法线前缀 法线数据,Map: Normal data,
地图：法线数据 地图： 正常多线细分级别,Map: Normal Multires Subdivision Level,
地图 法线空间,Map: Normal space,
地图：法线空间 法线预置,Map: Normal preset,
地图：正常预置 法线自定义预置,Map: Normal custom preset,
地图：正常 正常旋转 R,Map: Normal Swizzle R,
地图：正常 正常 G,Map: Normal G,
地图：正常 地图：正常 B,Map: Normal B,
地图 位移前缀,Map: Displacement prefix,
地图：位移前缀 位移数据,Map: Displacement data,
地图 位移结果,Map: Displacement result,
地图 位移细分等级,Map: Displacement subdiv levels,
地图 位移多重细分等级,Map: Displacement Multires Subdivision Level,
地图 位移低分辨率网格,Map: Displacement Low Resolution Mesh,
地图 矢量位移前缀,Map: Vector Displacement prefix,
地图：矢量位移 矢量位移包括负数,Map: Vector Displacement include negative,
地图： 矢量位移结果 矢量位移结果,Map: Vector Displacement result,
地图 地图： 矢量位移细分级别,Map: Vector Displacement subdiv levels,
地图 位置前缀,Map: Position prefix,
地图 AO 前缀,Map: AO prefix,
地图：AO 前缀 AO 默认值,Map: AO default,
地图 AO 样本,Map: AO samples,
地图 AO 距离,Map: AO distance,
地图 AO 黑点,Map: AO black point,
地图 AO 白点,Map: AO white point,
地图 AO 亮度,Map: AO brightness,
地图 AO 对比度,Map: AO contrast,
地图 AO 不透明度,Map: AO opacity,
地图 仅局部 AO,Map: AO only local,
地图 AO 反相,Map: AO invert,
地图 空腔前缀,Map: Cavity prefix,
地图 空腔默认值,Map: Cavity default,
地图 空腔黑点,Map: Cavity black point,
地图 空腔白点,Map: Cavity white point,
地图 空腔功率,Map: Cavity power,
地图 空腔反转,Map: Cavity invert,
地图 曲率前缀,Map: Curvature prefix,
地图：曲率前缀 曲率默认值,Map: Curvature default,
地图 曲率样本,Map: Curvature samples,
地图：曲率半径 曲率半径,Map: Curvature radius,
地图：曲率半径 曲率黑点,Map: Curvature black point,
地图：曲率半径 曲率中点,Map: Curvature mid point,
地图：曲率中点 曲率白点,Map: Curvature white point,
地图：曲率中点 曲率体伽玛,Map: Curvature body gamma,
地图： 厚度前缀 厚度前缀,Map: Thickness prefix,
地图：厚度默认值 默认厚度,Map: Thickness default,
地图 厚度样本,Map: Thickness samples,
地图： 厚度 厚度距离,Map: Thickness distance,
地图 厚度黑点,Map: Thickness black point,
地图： 厚度 厚度白点,Map: Thickness white point,
地图： 厚度 亮度,Map: Thickness brightness,
地图： 厚度 厚度对比度,Map: Thickness contrast,
地图： 厚度反转 厚度反转,Map: Thickness invert,
地图：厚度反转 ID 前缀,Map: ID prefix,
地图： ID 前缀 ID 数据,Map: ID data,
地图：ID 数据 包含 ID 顶点组名称,Map: ID vertex groups name contains,
地图 ID 算法,Map: ID algorithm,
映射 掩码前缀,Map: Mask prefix,
映射 屏蔽数据,Map: Mask data,
映射： 屏蔽顶点组名称包含,Map: Mask vertex groups name contains,
蒙板 蒙版材质名称包含,Map: Mask materials name contains,
贴图 蒙版 color1,Map: Mask color1,
地图：蒙版 蒙版颜色 2,Map: Mask color2,
地图 屏蔽反转,Map: Mask invert,
映射 XYZ 蒙版前缀,Map: XYZ Mask prefix,
地图 XYZ 蒙版默认值,Map: XYZ Mask default,
地图 XYZ 屏蔽 X,Map: XYZ Mask X,
地图：XYZ 掩码 XYZ 掩码 Y,Map: XYZ Mask Y,
地图 XYZ 掩码 Z,Map: XYZ Mask Z,
地图 XYZ 掩码覆盖范围,Map: XYZ Mask coverage,
地图： XYZ 掩膜饱和度 XYZ 遮罩饱和度,Map: XYZ Mask saturation,
地图 XYZ 遮罩不透明度,Map: XYZ Mask opacity,
地图 XYZ 蒙版反相,Map: XYZ Mask invert,
地图： XYZ 蒙版 渐变屏蔽前缀,Map: Gradient Mask prefix,
地图：渐变屏蔽 渐变屏蔽默认值,Map: Gradient Mask default,
地图：渐变屏蔽 渐变屏蔽类型,Map: Gradient Mask type,
地图：渐变屏蔽 渐变屏蔽位置 x,Map: Gradient Mask location x,
地图 渐变屏蔽位置 y,Map: Gradient Mask location y,
地图 梯度蒙板位置 z,Map: Gradient Mask location z,
地图 渐变屏蔽旋转 x,Map: Gradient Mask rotation x,
地图 渐变屏蔽旋转 y,Map: Gradient Mask rotation y,
地图 渐变屏蔽旋转 z,Map: Gradient Mask rotation z,
地图： 渐变屏蔽缩放 x,Map: Gradient Mask scale x,
地图 渐变屏蔽比例 y,Map: Gradient Mask scale y,
地图： 渐变屏蔽比例 z,Map: Gradient Mask scale z,
地图 梯度蒙板覆盖范围,Map: Gradient Mask coverage,
地图：渐变屏蔽 梯度蒙板对比度,Map: Gradient Mask contrast,
地图：渐变屏蔽饱和度 渐变屏蔽饱和度,Map: Gradient Mask saturation,
地图 渐变屏蔽不透明度,Map: Gradient Mask opacity,
地图 渐变屏蔽反相,Map: Gradient Mask invert,
贴图： 边缘屏蔽前缀,Map: Edge Mask prefix,
地图：边缘屏蔽默认值 边缘屏蔽默认值,Map: Edge Mask default,
贴图： 边缘屏蔽样本,Map: Edge Mask samples,
地图 边缘屏蔽半径,Map: Edge Mask radius,
地图：边缘屏蔽 边缘屏蔽边缘对比度,Map: Edge Mask edge contrast,
地图 边缘屏蔽主体对比度,Map: Edge Mask body contrast,
地图：边缘屏蔽 边缘屏蔽反相,Map: Edge Mask invert,
地图：边缘屏蔽 线框前缀,Map: Wireframe prefix,
地图 线框蒙版线条粗细,Map: Wireframe Mask line thickness,
地图 线框屏蔽反转,Map: Wireframe Mask invert,
对象： 在烘焙中使用,Object: Use in bake,
对象贴花 使用自定义摄像机,Object Decal: Use custom camera,
对象贴花 自定义摄像机,Object Decal: Custom camera,
对象贴花： 上坐标,Object Decal: Upper coordinate,
对象贴花：边界偏移,Object Decal: Boundary offset,
高到低多边形对象：为贴花使用单独的纹理集,Object High to Lowpoly: Use separate texset for decals,
"对象 ""高 ""到 ""低""： 贴花 TexSet 前缀",Object High to Lowpoly: Decals TexSet prefix,
对象高分辨率到低分辨率：保持架类型,Object High to Lowpoly: Cage type,
"物体 ""高 ""到 ""低""：笼状挤压",Object High to Lowpoly: Cage extrusion,
物体高至低多边形：最大光线距离,Object High to Lowpoly: Max ray distance,
物体 UV 和图层 烘焙数据,Object UVs & Layers: Bake data,
物体 UV 与图层 烘焙目标,Object UVs & Layers: Bake target,
对象 UV 与图层 UV 类型,Object UVs & Layers: UV type,
对象 UV 与图层 将 UV 岛捕捉到像素,Object UVs & Layers: Snap UV islands to pixels,
对象 UV 与图层 自动展开,Object UVs & Layers: Auto unwrap,
对象 UV 与图层 自动展开角度限制,Object UVs & Layers: Auto unwrap angle limit,
对象 UV 与图层 自动展开包边,Object UVs & Layers: Auto unwrap islands margin,
对象 UV 与图层 自动展开缩放至边界,Object UVs & Layers: Auto unwrap scale to bounds,
对象格式： 去噪,Object Format: Denoise,
对象格式：文件格式 文件格式,Object Format: File Format,
对象格式 塔加原始格式,Object Format: Targa Raw,
对象格式 DPX 日志,Object Format: DPX Log,
对象格式 Exr 编解码器,Object Format: Exr codec,
对象格式： 压缩 对象格式： 压缩,Object Format: Compression,
对象格式 质量,Object Format: Quality,
对象格式 分辨率,Object Format: Resolution,
对象格式： 自定义高度,Object Format: Custom height,
对象格式： 自定义宽度 自定义宽度,Object Format: Custom width,
对象格式： 边距,Object Format: Margin,
对象格式： 边距 边距类型,Object Format: Margin type,
对象格式： 位深度,Object Format: Bit Depth,
对象格式： 阿尔法,Object Format: Alpha,
对象格式： 透明背景色,Object Format: Transparent bg,
对象格式： UDIM 起始磁贴,Object Format: UDIM start tile,
对象格式： UDIM 结束磁贴,Object Format: UDIM end tile,
对象格式： 超级采样 AA,Object Format: SuperSampling AA,
对象格式： 放大,Object Format: Upscaling,
对象格式： 烘焙采样,Object Format: Bake samples,
对象格式： 自适应采样 自适应采样,Object Format: Adaptive sampling,
对象格式： 自适应阈值 自适应阈值,Object Format: Adaptive threshold,
对象格式： 烘焙最小采样,Object Format: Bake min samples,
对象阴影 三角剖分低聚,Object Shading: Triangulate lowpoly,
物体着色 重新计算低聚外部法线,Object Shading: Recalculate Lowpoly Normals Outside,
物体着色 平滑低聚物,Object Shading: Smooth lowpoly,
物体着色 低聚平滑类型,Object Shading: Lowpoly smoothing type,
物体着色 低聚自动平滑角度,Object Shading: Lowpoly auto smooth angle,
对象着色 低聚顶点群名称包含,Object Shading: Lowpoly vertex groups name contains,
物体着色 重新计算高聚外部法线,Object Shading: Recalculate Highpoly Normals Outside,
对象着色 平滑高聚,Object Shading: Smooth highpoly,
对象着色： 高聚平滑类型,Object Shading: Highpoly smoothing type,
物体着色 高聚自动平滑角度,Object Shading: Highpoly auto smooth angle,
对象着色 高聚顶点群名称包含,Object Shading: Highpoly vertex groups name contains,
对象烘焙输出： 内部保存,Object Bake Output: Save internally,
对象烘焙输出： 文件路径 文件路径,Object Bake Output: Filepath,
对象烘焙输出： 创建子文件夹,Object Bake Output: Create subfolder,
对象烘焙输出： 子文件夹名称,Object Bake Output: Subfolder name,
对象烘焙输出： 批次名称,Object Bake Output: Batch name,
对象烘焙输出： 创建材质,Object Bake Output: Create material,
对象烘焙输出 指定修改器,Object Bake Output: Assign Modifiers,
对象烘焙输出 设备,Object Bake Output: Device,
对象烘焙输出： 从查看,Object Bake Output: View From,
对象烘焙输出： 不活动时隐藏,Object Bake Output: Hide when Inactive,
对象烘焙输出： VG 索引,Object Bake Output: VG Index,
,,
,,
